<?xml version="1.0"?>
<config xmlns:xsi="http://www.w3.org/2001/XMLSchema-instance"
        xsi:noNamespaceSchemaLocation="urn:magento:framework:ObjectManager/etc/
config.xsd">
    <!--<type name="Magento\Catalog\Model\Product">-->
        <!--<plugin name="Packt_HelloWorld::productName"-->
                <!--type="Packt\HelloWorld\Plugin\Catalog\ProductAround" sortOrder="1" />-->
    <!--</type>-->
    <type name="Magento\Framework\Console\CommandList">
        <arguments>
            <argument name="commands" xsi:type="array">
                <item name="helloWorldCommand"
                      xsi:type="object">Packt\HelloWorld\Console\Command\HelloWorldCommand
                </item>
            </argument>
        </arguments>
    </type>
</config>