<?xml version="1.0" ?>
<config xmlns:xsi="http://www.w3.org/2001/XMLSchema-instance" xsi:noNamespaceSchemaLocation="urn:magento:framework:Acl/etc/acl.xsd">
    <acl>
        <resources>
            <resource id="Magento_Backend::admin">
                <resource id="Magento_Backend::content">
                    <resource id="Magenest_Popup::magenest_popup" title="Magenest Popup" sortOrder="20" translate="title">
                        <resource id="Magenest_Popup::template" title="Manage Template" sortOrder="10" translate="title"/>
                        <resource id="Magenest_Popup::popup" title="Manage Popup" sortOrder="20" translate="title"/>
                        <resource id="Magenest_Popup::log" title="Data Collection" sortOrder="30" translate="title"/>
                        <resource id="Magenest_Popup::manage_configuration" title="Configuration" sortOrder="40" translate="title"/>
                    </resource>
                </resource>
            </resource>
        </resources>
    </acl>
</config>